,Sample_1,Sample_2,Sample_3,Sample_4,Sample_5
count,5.0,5.0,5.0,5.0,5.0
mean,2.3600000000000003,3.12,2.7800000000000002,2.9799999999999995,3.1
std,1.5274161188098023,1.7584083712266612,1.4411800720243115,1.5056560032092323,1.9144189719076645
min,0.5,0.7,0.9,1.2,0.6
25%,1.1,2.3,1.8,1.7,2.0
50%,2.8,3.0,2.9,3.3,3.1
75%,3.2,4.5,4.0,3.9,4.3
max,4.2,5.1,4.3,4.8,5.5
